[{
  "host": "localhost",
  "port": "10000",
  "redirects":[{
    "path": "/getCustomers",
    "method": "get"
  },
    {
      "path": "/animal/:id",
      "method": "get"
    },
    {
      "path": "/animal",
      "method": "post"
    }]
},
  {
    "host": "localhost",
    "port": "4000",
    "redirects":[{
      "path": "/user",
      "method": "get"
    },
      {
        "path": "/user/:id",
        "method": "get"
      },
      {
        "path": "/user",
        "method": "post"
      }]
  }]